Workbook

Sheet Products
B2: Worksheet 1
B4: Product ID | C4: Product | D4: Price
B5: 101 | C5: Product A | D5: 120
B6: 102 | C6: Product B | D6: 150
B7: 103 | C7: Product C | D7: 200
B8: 104 | C8: Product D | D8: 90
B9: 105 | C9: Product E | D9: 220
B10: 106 | C10: Product F | D10: 130

Sheet Orders
A1: Worksheet 2
A2: Order ID | B2: Product ID | C2: Quantity | D2: 1. Product Name | E2: 2. Price | F2: Total Price | G2: 3. Product Exists or Not | H2: 4. Original Price | I2: Discounted Price | J2: Discounted Amount | K2: 5. Order value | L2: Maximum Order Value | M2: 6. Ordered or Not
A3: 1 | B3: 101 | C3: 2 | D3: =VLOOKUP(B3,Products!$B$4:$D$10,2,0) -> Product A | E3: =VLOOKUP(B3,Products!$B$4:$D$10,3,0) -> 120 | F3: =E3*C3 -> 240 | G3: =IF(ISNA(VLOOKUP(B3,Products!$B$4:$D$10,1,0)),"Not Exist", "Exists") -> Exists | H3: =VLOOKUP(B3,Products!$B$4:$D$10,3,0) -> 120 | I3: =H3-(H3*10%) -> 108 | J3: =H3-I3 -> 12 | K3: =SUM(VLOOKUP(B3,Products!$B$4:$D$10,3,0)*C3) -> 240 | L3: =MAX(K3:K8) -> 880 | M3: =IF(ISNA(VLOOKUP(B3,Products!$B$4:$D$10,2,0)),"Not Ordered", "Ordered") -> Ordered
A4: 2 | B4: 103 | C4: 1 | D4: =VLOOKUP(B4,Products!$B$4:$D$10,2,0) -> Product C | E4: =VLOOKUP(B4,Products!$B$4:$D$10,3,0) -> 200 | F4: =E4*C4 -> 200 | G4: =IF(ISNA(VLOOKUP(B4,Products!$B$4:$D$10,1,0)),"Not Exist", "Exists") -> Exists | H4: =VLOOKUP(B4,Products!$B$4:$D$10,3,0) -> 200 | I4: =H4-(H4*10%) -> 180 | J4: =H4-I4 -> 20 | K4: =SUM(VLOOKUP(B4,Products!$B$4:$D$10,3,0)*C4) -> 200 | M4: =IF(ISNA(VLOOKUP(B4,Products!$B$4:$D$10,2,0)),"Not Ordered", "Ordered") -> Ordered
A5: 3 | B5: 105 | C5: 4 | D5: =VLOOKUP(B5,Products!$B$4:$D$10,2,0) -> Product E | E5: =VLOOKUP(B5,Products!$B$4:$D$10,3,0) -> 220 | F5: =E5*C5 -> 880 | G5: =IF(ISNA(VLOOKUP(B5,Products!$B$4:$D$10,1,0)),"Not Exist", "Exists") -> Exists | H5: =VLOOKUP(B5,Products!$B$4:$D$10,3,0) -> 220 | I5: =H5-(H5*10%) -> 198 | J5: =H5-I5 -> 22 | K5: =SUM(VLOOKUP(B5,Products!$B$4:$D$10,3,0)*C5) -> 880 | M5: =IF(ISNA(VLOOKUP(B5,Products!$B$4:$D$10,2,0)),"Not Ordered", "Ordered") -> Ordered
A6: 4 | B6: 106 | C6: 3 | D6: =VLOOKUP(B6,Products!$B$4:$D$10,2,0) -> Product F | E6: =VLOOKUP(B6,Products!$B$4:$D$10,3,0) -> 130 | F6: =E6*C6 -> 390 | G6: =IF(ISNA(VLOOKUP(B6,Products!$B$4:$D$10,1,0)),"Not Exist", "Exists") -> Exists | H6: =VLOOKUP(B6,Products!$B$4:$D$10,3,0) -> 130 | I6: =H6-(H6*10%) -> 117 | J6: =H6-I6 -> 13 | K6: =SUM(VLOOKUP(B6,Products!$B$4:$D$10,3,0)*C6) -> 390 | M6: =IF(ISNA(VLOOKUP(B6,Products!$B$4:$D$10,2,0)),"Not Ordered", "Ordered") -> Ordered
A7: 5 | B7: 102 | C7: 5 | D7: =VLOOKUP(B7,Products!$B$4:$D$10,2,0) -> Product B | E7: =VLOOKUP(B7,Products!$B$4:$D$10,3,0) -> 150 | F7: =E7*C7 -> 750 | G7: =IF(ISNA(VLOOKUP(B7,Products!$B$4:$D$10,1,0)),"Not Exist", "Exists") -> Exists | H7: =VLOOKUP(B7,Products!$B$4:$D$10,3,0) -> 150 | I7: =H7-(H7*10%) -> 135 | J7: =H7-I7 -> 15 | K7: =SUM(VLOOKUP(B7,Products!$B$4:$D$10,3,0)*C7) -> 750 | M7: =IF(ISNA(VLOOKUP(B7,Products!$B$4:$D$10,2,0)),"Not Ordered", "Ordered") -> Ordered
A8: 6 | B8: 104 | C8: 6 | D8: =VLOOKUP(B8,Products!$B$4:$D$10,2,0) -> Product D | E8: =VLOOKUP(B8,Products!$B$4:$D$10,3,0) -> 90 | F8: =E8*C8 -> 540 | G8: =IF(ISNA(VLOOKUP(B8,Products!$B$4:$D$10,1,0)),"Not Exist", "Exists") -> Exists | H8: =VLOOKUP(B8,Products!$B$4:$D$10,3,0) -> 90 | I8: =H8-(H8*10%) -> 81 | J8: =H8-I8 -> 9 | K8: =SUM(VLOOKUP(B8,Products!$B$4:$D$10,3,0)*C8) -> 540 | M8: =IF(ISNA(VLOOKUP(B8,Products!$B$4:$D$10,2,0)),"Not Ordered", "Ordered") -> Ordered
A9: 7 | B9: 108 | C9: 7 | D9: Random G | E9: 250 | F9: =E9*C9 -> 1750 | G9: =IF(ISNA(VLOOKUP(B9,Products!$B$4:$D$10,1,0)),"Not Exist", "Exists") -> Not Exist | H9: =VLOOKUP(B9,Products!$B$4:$D$10,3,0) -> #N/A | I9: =H9-(H9*10%) -> #N/A | J9: =H9-I9 -> #N/A | K9: =SUM(VLOOKUP(B9,Products!$B$4:$D$10,3,0)*C9) -> #N/A | L9: #N/A | M9: =IF(ISNA(VLOOKUP(B9,Products!$B$4:$D$10,2,0)),"Not Ordered", "Ordered") -> Not Ordered
O11: Q7 | P11: Use VLOOKUP to find the Product name and summarize the total quantity sold for each product.
A13: Q1. | B13: Use VLOOKUP to find the product names for each ProductID in the Orders worksheet. | L13: Order ID | M13: Product ID | N13: Quantity | P13: Order ID | Q13: Product ID | R13: Quantity | S13: Product Name | T13: Price | U13: Total price
A14: Q2. | B14: Use VLOOKUP to find the price for each ProductID in the Orders worksheet, then calculate the TotalPrice by multiplying the Quantity by the Product Price. | L14: 1 | M14: 101 | N14: 2 | P14: 1 | Q14: 101 | R14: 2 | S14: =VLOOKUP(M14,Products!$B$4:$D$10,2,0) -> Product A | T14: =VLOOKUP(M14,Products!$B$4:$D$10,3,0) -> 120 | U14: =R14*T14 -> 240
A15: Q3. | B15: Use VLOOKUP to check if there are any ProductIDs in the Orders worksheet that do not exist in the Products worksheet. | L15: 2 | M15: 103 | N15: 1 | P15: 2 | Q15: 103 | R15: 1 | S15: =VLOOKUP(M15,Products!$B$4:$D$10,2,0) -> Product C | T15: =VLOOKUP(M15,Products!$B$4:$D$10,3,0) -> 200 | U15: =R15*T15 -> 200
A16: Q4. | B16: Assume a discount of 10% is given on all products. Use VLOOKUP to find the original price and then calculate the discounted price. | L16: 3 | M16: 105 | N16: 4 | P16: 3 | Q16: 105 | R16: 4 | S16: =VLOOKUP(M16,Products!$B$4:$D$10,2,0) -> Product E | T16: =VLOOKUP(M16,Products!$B$4:$D$10,3,0) -> 220 | U16: =R16*T16 -> 880 | W16: Product Name | X16: Quantity Sold | Y16: Total Price
A17: Q5. | B17: Use VLOOKUP to find the price for each ProductID and then calculate the order value. Find the maximum order value from the list. | L17: 4 | M17: 106 | N17: 3 | P17: 4 | Q17: 106 | R17: 3 | S17: =VLOOKUP(M17,Products!$B$4:$D$10,2,0) -> Product F | T17: =VLOOKUP(M17,Products!$B$4:$D$10,3,0) -> 130 | U17: =R17*T17 -> 390 | W17: Product F | X17: =SUMIF(S14:S20,W17,R14:R20) -> 6 | Y17: =SUMIF(S14:S20,W17,U14:U20) -> 780
A18: Q6. | B18: Use VLOOKUP to find out which products from the Products worksheet have not been ordered. | L18: 5 | M18: 102 | N18: 5 | P18: 5 | Q18: 102 | R18: 5 | S18: =VLOOKUP(M18,Products!$B$4:$D$10,2,0) -> Product B | T18: =VLOOKUP(M18,Products!$B$4:$D$10,3,0) -> 150 | U18: =R18*T18 -> 750
L19: 6 | M19: 104 | N19: 6 | P19: 6 | Q19: 104 | R19: 6 | S19: =VLOOKUP(M19,Products!$B$4:$D$10,2,0) -> Product D | T19: =VLOOKUP(M19,Products!$B$4:$D$10,3,0) -> 90 | U19: =R19*T19 -> 540
K20: Product F Extra - | L20: 7 | M20: 106 | N20: 3 | P20: 7 | Q20: 106 | R20: 3 | S20: =VLOOKUP(M20,Products!$B$4:$D$10,2,0) -> Product F | T20: =VLOOKUP(M20,Products!$B$4:$D$10,3,0) -> 130 | U20: =R20*T20 -> 390
