Workbook

Sheet Cons1
B1: S1 | C1: S2 | D1: S3 | E1: S4
A2: A | B2: 56 | C2: 78 | D2: 78 | E2: 89
A3: B | B3: 98 | C3: 65 | D3: 54 | E3: 56
A4: C | B4: 55 | C4: 26 | D4: 65 | E4: 54
A5: D | B5: 65 | C5: 95 | D5: 45 | E5: 78
A6: E | B6: 67 | C6: 48 | D6: 95 | E6: 65

Sheet Cons2
B1: S1 | C1: S2 | D1: S3 | E1: S4
A2: A | B2: 56 | C2: 78 | D2: 78 | E2: 89
A3: B | B3: 98 | C3: 65 | D3: 54 | E3: 56
A4: C | B4: 55 | C4: 26 | D4: 65 | E4: 254
A5: D | B5: 65 | C5: 95 | D5: 45 | E5: 78
A6: E | B6: 67 | C6: 48 | D6: 95 | E6: 65

Sheet Cons3
B1: S1 | C1: S2 | D1: S3 | E1: S4
A2: A | B2: 56 | C2: 78 | D2: 78 | E2: 89
A3: B | B3: 98 | C3: 65 | D3: 54 | E3: 56
A4: C | B4: 55 | C4: 26 | D4: 65 | E4: 254
A5: D | B5: 65 | C5: 95 | D5: 45 | E5: 78
A6: E | B6: 67 | C6: 48 | D6: 95 | E6: 65

Sheet 3d Sum
A1: SUM of Cons123 | B1: S1 | C1: S2 | D1: S3 | E1: S4
A2: A | B2: =SUM(Cons1:Cons3!B2) -> 168 | C2: =SUM(Cons1:Cons3!C2) -> 234 | D2: =SUM(Cons1:Cons3!D2) -> 234 | E2: =SUM(Cons1:Cons3!E2) -> 267
A3: B | B3: =SUM(Cons1:Cons3!B3) -> 294 | C3: =SUM(Cons1:Cons3!C3) -> 195 | D3: =SUM(Cons1:Cons3!D3) -> 162 | E3: =SUM(Cons1:Cons3!E3) -> 168
A4: C | B4: =SUM(Cons1:Cons3!B4) -> 165 | C4: =SUM(Cons1:Cons3!C4) -> 78 | D4: =SUM(Cons1:Cons3!D4) -> 195 | E4: =SUM(Cons1:Cons3!E4) -> 562
A5: D | B5: =SUM(Cons1:Cons3!B5) -> 195 | C5: =SUM(Cons1:Cons3!C5) -> 285 | D5: =SUM(Cons1:Cons3!D5) -> 135 | E5: =SUM(Cons1:Cons3!E5) -> 234
A6: E | B6: =SUM(Cons1:Cons3!B6) -> 201 | C6: =SUM(Cons1:Cons3!C6) -> 144 | D6: =SUM(Cons1:Cons3!D6) -> 285 | E6: =SUM(Cons1:Cons3!E6) -> 195
A10: Cons1, B2+Shift+Cons3 = SUM in 3d Sum

Sheet Consolitation1
B1: S1 | C1: S2 | D1: S3 | E1: S4
A2: A | B2: 56 | C2: 78 | D2: 78 | E2: 89
A3: B | B3: 98 | C3: 65 | D3: 54 | E3: 56
A4: C | B4: 55 | C4: 26 | D4: 65 | E4: 54
A5: D | B5: 65 | C5: 95 | D5: 45 | E5: 78
A6: E | B6: 67 | C6: 48 | D6: 95 | E6: 65

Sheet Consolitation2
F1: S1 | G1: S2 | H1: S3 | I1: S4
E2: A | F2: 56 | G2: 78 | H2: 78 | I2: 89
E3: B | F3: 98 | G3: 65 | H3: 54 | I3: 56
E4: C | F4: 55 | G4: 26 | H4: 65 | I4: 54
E5: D | F5: 65 | G5: 95 | H5: 45 | I5: 78
E6: E | F6: 67 | G6: 48 | H6: 95 | I6: 65

Sheet Consolitation3
E1: S1 | F1: S2 | G1: S3 | H1: S4
D2: A | E2: 56 | F2: 78 | G2: 78 | H2: 89
D3: B | E3: 98 | F3: 65 | G3: 54 | H3: 56
D4: C | E4: 55 | F4: 26 | G4: 65 | H4: 54
D5: D | E5: 65 | F5: 95 | G5: 45 | H5: 78
D6: E | E6: 67 | F6: 48 | G6: 95 | H6: 65

Sheet Cons_Final Sum
D2: S1 | E2: S2 | F2: S3 | G2: S4
C3: Cons_Class Work | D3: =Consolitation1!$B$2 -> 56 | E3: =Consolitation1!$C$2 -> 78 | F3: =Consolitation1!$D$2 -> 78 | G3: =Consolitation1!$E$2 -> 89
C4: Cons_Class Work | D4: =Consolitation2!$F$2 -> 56 | E4: =Consolitation2!$G$2 -> 78 | F4: =Consolitation2!$H$2 -> 78 | G4: =Consolitation2!$I$2 -> 89
C5: Cons_Class Work | D5: =Consolitation3!$E$2 -> 56 | E5: =Consolitation3!$F$2 -> 78 | F5: =Consolitation3!$G$2 -> 78 | G5: =Consolitation3!$H$2 -> 89
B6: A | D6: =SUM(D3:D5) -> 168 | E6: =SUM(E3:E5) -> 234 | F6: =SUM(F3:F5) -> 234 | G6: =SUM(G3:G5) -> 267
C7: Cons_Class Work | D7: =Consolitation1!$B$3 -> 98 | E7: =Consolitation1!$C$3 -> 65 | F7: =Consolitation1!$D$3 -> 54 | G7: =Consolitation1!$E$3 -> 56
C8: Cons_Class Work | D8: =Consolitation2!$F$3 -> 98 | E8: =Consolitation2!$G$3 -> 65 | F8: =Consolitation2!$H$3 -> 54 | G8: =Consolitation2!$I$3 -> 56
C9: Cons_Class Work | D9: =Consolitation3!$E$3 -> 98 | E9: =Consolitation3!$F$3 -> 65 | F9: =Consolitation3!$G$3 -> 54 | G9: =Consolitation3!$H$3 -> 56
B10: B | D10: =SUM(D7:D9) -> 294 | E10: =SUM(E7:E9) -> 195 | F10: =SUM(F7:F9) -> 162 | G10: =SUM(G7:G9) -> 168
C11: Cons_Class Work | D11: =Consolitation1!$B$4 -> 55 | E11: =Consolitation1!$C$4 -> 26 | F11: =Consolitation1!$D$4 -> 65 | G11: =Consolitation1!$E$4 -> 54
C12: Cons_Class Work | D12: =Consolitation2!$F$4 -> 55 | E12: =Consolitation2!$G$4 -> 26 | F12: =Consolitation2!$H$4 -> 65 | G12: =Consolitation2!$I$4 -> 54
C13: Cons_Class Work | D13: =Consolitation3!$E$4 -> 55 | E13: =Consolitation3!$F$4 -> 26 | F13: =Consolitation3!$G$4 -> 65 | G13: =Consolitation3!$H$4 -> 54
B14: C | D14: =SUM(D11:D13) -> 165 | E14: =SUM(E11:E13) -> 78 | F14: =SUM(F11:F13) -> 195 | G14: =SUM(G11:G13) -> 162
C15: Cons_Class Work | D15: =Consolitation1!$B$5 -> 65 | E15: =Consolitation1!$C$5 -> 95 | F15: =Consolitation1!$D$5 -> 45 | G15: =Consolitation1!$E$5 -> 78
C16: Cons_Class Work | D16: =Consolitation2!$F$5 -> 65 | E16: =Consolitation2!$G$5 -> 95 | F16: =Consolitation2!$H$5 -> 45 | G16: =Consolitation2!$I$5 -> 78
C17: Cons_Class Work | D17: =Consolitation3!$E$5 -> 65 | E17: =Consolitation3!$F$5 -> 95 | F17: =Consolitation3!$G$5 -> 45 | G17: =Consolitation3!$H$5 -> 78
B18: D | D18: =SUM(D15:D17) -> 195 | E18: =SUM(E15:E17) -> 285 | F18: =SUM(F15:F17) -> 135 | G18: =SUM(G15:G17) -> 234
C19: Cons_Class Work | D19: =Consolitation1!$B$6 -> 67 | E19: =Consolitation1!$C$6 -> 48 | F19: =Consolitation1!$D$6 -> 95 | G19: =Consolitation1!$E$6 -> 65
C20: Cons_Class Work | D20: =Consolitation2!$F$6 -> 67 | E20: =Consolitation2!$G$6 -> 48 | F20: =Consolitation2!$H$6 -> 95 | G20: =Consolitation2!$I$6 -> 65
C21: Cons_Class Work | D21: =Consolitation3!$E$6 -> 67 | E21: =Consolitation3!$F$6 -> 48 | F21: =Consolitation3!$G$6 -> 95 | G21: =Consolitation3!$H$6 -> 65
B22: E | D22: =SUM(D19:D21) -> 201 | E22: =SUM(E19:E21) -> 144 | F22: =SUM(F19:F21) -> 285 | G22: =SUM(G19:G21) -> 195
